{
  "width": 300,
  "height": 240,
  "data": [
    {
      "name": "table",
      "values": [
        {"category":"A", "position":0, "value":0.1},
        {"category":"A", "position":1, "value":0.6},
        {"category":"A", "position":2, "value":0.9},
        {"category":"A", "position":3, "value":0.4},
        {"category":"B", "position":0, "value":0.7},
        {"category":"B", "position":1, "value":0.2},
        {"category":"B", "position":2, "value":1.1},
        {"category":"B", "position":3, "value":0.8},
        {"category":"C", "position":0, "value":0.6},
        {"category":"C", "position":1, "value":0.1},
        {"category":"C", "position":2, "value":0.2},
        {"category":"C", "position":3, "value":0.7}
      ]
    }
  ],
  "scales": [
    {
      "name": "cat",
      "type": "ordinal",
      "domain": {"data": "table", "field": "category"},
      "range": "height",
      "padding": 0.2
    },
    {
      "name": "val",
      "type": "linear",
      "domain": {"data": "table", "field": "value"},
      "range": "width",
      "round": true,
      "nice": true
    },
    {
      "name": "color",
      "type": "ordinal",
      "domain": {"data": "table", "field": "position"},
      "range": "category20"
    }
  ],
  "axes": [
    {"type": "y", "scale": "cat", "tickSize": 0, "tickPadding": 8},
    {"type": "x", "scale": "val"}
  ],
  "marks": [
    {
      "type": "group",
      "from": {
        "data": "table",
        "transform": [{"type":"facet", "groupby": ["category"]}]
      },
      "properties": {
        "enter": {
          "y": {"scale": "cat", "field": "key"},
          "height": {"scale": "cat", "band": true}
        }
      },
      "scales": [
        {
          "name": "pos",
          "type": "ordinal",
          "range": "height",
          "domain": {"field": "position"}
        }
      ],
      "marks": [
        {
          "name": "bars",
          "type": "rect",
          "properties": {
            "enter": {
              "y": {"scale": "pos", "field": "position"},
              "height": {"scale": "pos", "band": true},
              "x": {"scale": "val", "field": "value"},
              "x2": {"scale": "val", "value": 0},
              "fill": {"scale": "color", "field": "position"}
            }
          }
        },
        {
          "type": "text",
          "from": {"mark": "bars"},
          "properties": {
            "enter": {
              "x": {"field": "x2", "offset": -5},
              "y": {"field": "y"},
              "dy": {"field": "height", "mult": 0.5},              
              "fill": {"value": "white"},
              "align": {"value": "right"},
              "baseline": {"value": "middle"},
              "text": {"field": "datum.value"}
            }
          }
        }
      ]
    }
  ]
}