{
  "width": 800,
  "height": 500,

  "data": [
    {
      "name": "temperature",
      "url": "data/seattle-temps.csv",
      "format": {"type": "csv", "parse": {"temp": "number", "date": "date"}},
      "transform": [
        {"type": "formula", "field": "hour", "expr": "hours(datum.date)"},
        { "type": "formula", "field": "date",
          "expr": "datetime(year(datum.date), month(datum.date), date(datum.date))"}
      ]
    }
  ],

  "scales": [
    {
      "name": "x",
      "type": "time",
      "domain": {"data": "temperature", "field": "date"},
      "range": "width"
    }, {
      "name": "y",
      "type": "ordinal",
      "domain": {"data": "temperature", "field": "hour"},
      "range": "height",
      "round": false
    }, {
      "name": "c",
      "type": "linear",
      "domain": [37.5, 41.3, 45.1, 48.9, 52.7, 56.5, 60.3, 64.1, 67.9, 71.7, 75.5],
      "range": ["#313695", "#4575b4", "#74add1", "#abd9e9", "#e0f3f8", "#ffffbf", "#fee090", "#fdae61", "#f46d43", "#d73027", "#a50026"],
      "zero": false
    }
  ],

  "axes": [
    {"type": "x", "scale": "x"},
    {"type": "y", "scale": "y"}
  ],

  "legends": [{"fill": "c", "values": [37.5, 56.5, 75.5]}],

  "marks": [
    {
      "type": "rect",
      "from": {"data": "temperature"},
      "properties": {
        "enter": {
          "x": {"scale": "x", "field": "date"},
          "width": {"value": 5},
          "y": {"scale": "y", "field": "hour"},
          "height": {"scale": "y", "band": true},
          "fill": {"scale": "c", "field": "temp"}
        }
      }
    }
  ]
}