{
  "width": 600,
  "height": 600,
  "data": [
    {
      "name": "iris",
      "url": "data/iris.json"
    },
    {
      "name": "fields",
      "values": ["petalWidth", "petalLength", "sepalWidth", "sepalLength"]
    }
  ],
  "scales": [
    {
      "name": "gx",
      "type": "ordinal",
      "range": "width",
      "round": true,
      "domain": {"data": "fields", "field": "data"}
    },
    {
      "name": "gy",
      "type": "ordinal",
      "range": "height",
      "round": true,
      "reverse": true,
      "domain": {"data": "fields", "field": "data"}
    },
    {
      "name": "c",
      "type": "ordinal",
      "domain": {"data": "iris", "field": "species"},
      "range": "category10"
    }
  ],
  "legends": [
    {
      "fill": "c",
      "title": "Species",
      "offset": 10,
      "properties": {
        "symbols": {
          "fillOpacity": {"value": 0.5},
          "stroke": {"value": "transparent"}
        }
      }
    }
  ],
  "marks": [
    {
      "type": "group",
      "from": {
        "data": "fields",
        "transform": [{"type": "cross"}]
      },
      "properties": {
        "enter": {
          "x": {"scale": "gx", "field": "a.data"},
          "y": {"scale": "gy", "field": "b.data"},
          "width": {"scale": "gx", "band": true, "offset":-35},
          "height": {"scale": "gy", "band": true, "offset":-35},
          "fill": {"value": "#fff"},
          "stroke": {"value": "#ddd"}
        }
      },
      "scales": [
        {
          "name": "x",
          "range": "width",
          "zero": false,
          "round": true,
          "domain": {"data": "iris", "field": {"parent": "a.data"}}
        },
        {
          "name": "y",
          "range": "height",
          "zero": false,
          "round": true,
          "domain": {"data": "iris", "field": {"parent": "b.data"}}
        }
      ],
      "axes": [
        {"type": "x", "scale": "x", "ticks": 5},
        {"type": "y", "scale": "y", "ticks": 5}
      ],
      "marks": [
        {
          "type": "symbol",
          "from": {"data": "iris"},
          "properties": {
            "enter": {
              "x": {"scale": "x", "field": {"datum": {"parent": "a.data"}}},
              "y": {"scale": "y", "field": {"datum": {"parent": "b.data"}}},
              "fill": {"scale": "c", "field": "species"},
              "fillOpacity": {"value": 0.5}
            },
            "update": {
              "size": {"value": 36},
              "stroke": {"value": "transparent"}
            },
            "hover": {
              "size": {"value": 100},
              "stroke": {"value": "white"}
            }
          }
        }
      ]
    }
  ]
}