{
  "width": 500,
  "height": 200,
  "data": [
    {
      "name": "stocks",
      "url": "data/stocks.csv",
      "format": {"type": "csv", "parse": {"price":"number", "date":"date"}}
    }
  ],
  "scales": [
    {
      "name": "x",
      "type": "time",
      "range": "width",
      "domain": {"data": "stocks", "field": "date"}
    },
    {
      "name": "y",
      "type": "linear",
      "range": "height",
      "nice": true,
      "domain": {"data": "stocks", "field": "price"}
    },
    {
      "name": "color", 
      "type": "ordinal", 
      "domain": {"data": "stocks", "field": "symbol"},
      "range": "category10"
    }
  ],
  "axes": [
    {"type": "x", "scale": "x", "tickSizeEnd": 0},
    {"type": "y", "scale": "y"}
  ],
  "marks": [
    {
      "type": "group",
      "from": {
        "data": "stocks",
        "transform": [{"type": "facet", "groupby": ["symbol"]}]
      },
      "marks": [
        {
          "type": "line",
          "properties": {
            "enter": {
              "x": {"scale": "x", "field": "date"},
              "y": {"scale": "y", "field": "price"},
              "stroke": {"scale": "color", "field": "symbol"},
              "strokeWidth": {"value": 2}
            }
          }
        },
        {
          "type": "text",
          "from": {
            "transform": [{"type": "filter", "test": "datum.date == 1267430400000"}]
          },
          "properties": {
            "enter": {
              "x": {"scale": "x", "field": "date", "offset": 2},
              "y": {"scale": "y", "field": "price"},
              "fill": {"scale": "color", "field": "symbol"},
              "text": {"field": "symbol"},
              "baseline": {"value": "middle"}
            }
          }
        }
      ]
    }
  ]
}
