{
  "data": { "url": "data/population.json"},
  "transform": {
    "filter": "datum.year == 2000",
    "calculate": [{"field": "gender", "expr": "datum.sex == 2 ? \"Female\" : \"Male\""}]
  },
  "facet": {
    "row": {
      "field": "age", "type": "ordinal",
      "scale": {"padding": 4},
      "axis": {"orient": "left", "axisWidth": 1, "offset": -8}
    }
  },
  "spec": {
    "mark": "bar",
    "encoding": {
      "x": {
        "aggregate": "sum", "field": "people", "type": "quantitative",
        "axis": {"title": "population", "grid": false}
      },
      "y": {
        "field": "gender", "type": "nominal",
        "scale": {"bandSize": 6},
        "axis": false
      },
      "color": {
        "field": "gender", "type": "nominal",
        "scale": {"range": ["#EA98D2", "#659CCA"]}
      }
    }
  },
  "config": {"facet": {"cell": {"strokeWidth": 0}}}
}
