{
  "data": {"url": "data/cars.json"},
  "mark": "circle",
  "select": {
    "region": {
      "type": "interval",
      "zoom": true,
      "on": "[mousedown[event.shiftKey], mouseup] > mousemove"
    },
    "grid": {
      "type": "interval",
      "init": {"scales": true},
      "translate": "[mousedown[!event.shiftKey], mouseup] > mousemove",
      "zoom": true
    }
  },
  "encoding": {
    "x": {"field": "Horsepower","type": "quantitative"},
    "y": {"field": "Miles_per_Gallon","type": "quantitative"},
    "color": [
      {"if": "region", "field": "Origin", "type": "nominal"},
      {"value": "grey"}
    ],
    "size": {"value": 100}
  },
  "config": {"mark": {"fillOpacity": 0.5}}
}