{
  "data": {"url": "data/stocks.csv","formatType": "csv"},
  "layers": [
    {
      "mark": "line",
      "encoding": {
        "x": {"field": "date","type": "temporal"},
        "y": {"field": "price","type": "quantitative"},
        "color": {"field": "symbol","type": "nominal"}
      }
    },
    {
      "mark": "rule",
      "encoding": {
        "y": {
          "field": "price",
          "type": "quantitative",
          "aggregate": "mean"
        },
        "size": {"value": 2},
        "color": {"field": "symbol","type": "nominal"}
      },
      "config": {"mark": {"opacity": 0.5}}
    }
  ]
}