{
  "data": {
    "values": [
      {"a": "A","b": "B","c": 28},
      {"a": "B","b": "C","c": 55},
      {"a": "C","b": "D","c": 43},
      {"a": "D","b": "E","c": 91},
      {"a": "E","b": "F","c": 81},
      {"a": "F","b": "G","c": 53},
      {"a": "G","b": "H","c": 19},
      {"a": "H","b": "I","c": 87},
      {"a": "I","b": "J","c": 52}
    ]
  },
  "layers": [
    {
      "mark": "bar",
      "encoding": {
        "x": {"field": "a","type": "ordinal"},
        "y": {"field": "c","type": "quantitative"}
      }
    },
    {
      "mark": "line",
      "encoding": {
        "x": {"field": "b","type": "ordinal"},
        "y": {"field": "c","type": "quantitative"},
        "color": {"value": "red"}
      }
    }
  ]
}
