{
  "data": {"url": "data/unemployment-across-industries.json"},
  "mark": "area",
  "encoding": {
    "x": {
      "timeUnit": "yearmonth", "field": "date", "type": "temporal",
      "scale": {"nice": "month"},
      "axis": {"axisWidth": 0, "format": "%Y", "labelAngle": 0, "tickSize": 0}
    },
    "y": {
      "aggregate": "sum", "field": "count","type": "quantitative",
      "axis": false
    },
    "color": {"field":"series", "type":"nominal", "scale":{"range": "category20b"}}
  },
  "config": {"cell": {"width": 300, "height": 200}, "mark": {"stacked": "center"}}
}
